<?xml version="1.0" encoding="utf-8"?>
<install version="1.5" type="plugin"  group="authentication">
	<name>Authentication - Skroutzeasy</name>
	<author>Skroutz</author>
	<creationDate>May 2012</creationDate>
	<copyright>Copyright (C) 2012 Skroutz. All rights reserved.</copyright>
	<license>http://www.gnu.org/licenses/gpl-2.0.html GNU/GPL</license>
	<authorEmail>info@skroutz.gr</authorEmail>
	<authorUrl>www.skroutz.gr</authorUrl>
	<version>1.5</version>
	<description>Handles user authentication with a Skroutz account</description>
	<files>
		<filename plugin="skroutzeasy">skroutzeasy.php</filename>
	</files>
	<params />
</install>